fdc_id,description,calories,carbs_g,fat_g,fiber_g,protein_g,sodium_mg,cat_Baked Products,cat_Beef Products,cat_Cereal Grains and Pasta,cat_Dairy and Egg Products,cat_Fats and Oils,cat_Finfish and Shellfish Products,cat_Fruits and Fruit Juices,"cat_Lamb, Veal, and Game Products",cat_Legumes and Legume Products,cat_Nut and Seed Products,cat_Pork Products,cat_Poultry Products,cat_Restaurant Foods,cat_Sausages and Luncheon Meats,"cat_Soups, Sauces, and Gravies",cat_Spices and Herbs,cat_Sweets,cat_Vegetables and Vegetable Products
321358,"Hummus, commercial",233.66666666666666,14.9,17.1,5.4,7.35,438.0,False,False,False,False,False,False,False,False,True,False,False,False,False,False,False,False,False,False
321359,"Milk, reduced fat, fluid, 2% milkfat, with added vitamin A and vitamin D",50.0,4.91,1.9,0.0,3.35,39.0,False,False,False,True,False,False,False,False,False,False,False,False,False,False,False,False,False,False
321360,"Tomatoes, grape, raw",28.333333333333332,5.51,0.63,2.1,0.83,6.0,False,False,False,False,False,False,False,False,False,False,False,False,False,False,False,False,False,True
321611,"Beans, snap, green, canned, regular pack, drained solids",21.666666666666668,4.11,0.39,0.0,1.04,282.0,False,False,False,False,False,False,False,False,False,False,False,False,False,False,False,False,False,True
321900,"Broccoli, raw",32.0,6.29,0.34,2.4,2.57,36.0,False,False,False,False,False,False,False,False,False,False,False,False,False,False,False,False,False,True
322228,"Milk, lowfat, fluid, 1% milkfat, with added vitamin A and vitamin D",43.0,5.19,0.95,0.0,3.38,39.0,False,False,False,True,False,False,False,False,False,False,False,False,False,False,False,False,False,False
322559,"Milk, nonfat, fluid, with added vitamin A and vitamin D (fat free or skim)",34.0,4.89,0.08,0.0,3.43,41.0,False,False,False,True,False,False,False,False,False,False,False,False,False,False,False,False,False,False
322892,"Milk, whole, 3.25% milkfat, with added vitamin D",60.0,4.67,3.2,0.0,3.28,38.0,False,False,False,True,False,False,False,False,False,False,False,False,False,False,False,False,False,False
323121,"Frankfurter, beef, unheated",312.6666666666667,2.89,28.0,0.0,11.7,872.0,False,False,False,False,False,False,False,False,False,False,False,False,False,True,False,False,False,False
323294,"Nuts, almonds, dry roasted, with salt added",636.0,16.2,57.8,11.0,20.4,256.0,False,False,False,False,False,False,False,False,False,True,False,False,False,False,False,False,False,False
323444,"Cheese, ricotta, whole milk",157.0,6.86,11.0,0.0,7.81,105.0,False,False,False,True,False,False,False,False,False,False,False,False,False,False,False,False,False,False
323505,"Kale, raw",37.666666666666664,4.42,1.49,4.1,2.92,53.0,False,False,False,False,False,False,False,False,False,False,False,False,False,False,False,False,False,True
323604,"Egg, whole, raw, frozen, pasteurized",148.66666666666666,0.91,10.3,0.0,12.3,121.0,False,False,False,True,False,False,False,False,False,False,False,False,False,False,False,False,False,False
323697,"Egg, white, raw, frozen, pasteurized",47.0,0.74,0.16,0.0,10.1,144.0,False,False,False,True,False,False,False,False,False,False,False,False,False,False,False,False,False,False
323793,"Egg, white, dried",367.3333333333333,6.02,0.65,0.0,79.9,1250.0,False,False,False,True,False,False,False,False,False,False,False,False,False,False,False,False,False,False
324038,"Sauce, salsa, ready-to-serve",29.0,6.74,0.19,1.8,1.44,656.0,False,False,False,False,False,False,False,False,False,False,False,False,False,False,True,False,False,False
324157,"Sausage, breakfast sausage, beef, pre-cooked, unprepared",327.3333333333333,3.37,28.7,0.0,13.3,866.0,False,False,False,False,False,False,False,False,False,False,False,False,False,True,False,False,False,False
324317,"Onion rings, breaded, par fried, frozen, prepared, heated in oven",290.0,36.3,14.4,2.4,4.52,374.0,False,False,False,False,False,False,False,False,False,False,False,False,False,False,False,False,False,True
324653,"Pickles, cucumber, dill or kosher dill",12.666666666666666,1.99,0.43,1.0,0.48,808.0,False,False,False,False,False,False,False,False,False,False,False,False,False,False,False,False,False,True
324860,"Peanut butter, smooth style, with salt",611.0,22.3,51.1,4.8,22.5,429.0,False,False,False,False,False,False,False,False,True,False,False,False,False,False,False,False,False,False
325036,"Cheese, parmesan, grated",420.3333333333333,12.4,28.0,0.0,29.6,1750.0,False,False,False,True,False,False,False,False,False,False,False,False,False,False,False,False,False,False
325198,"Cheese, pasteurized process, American, vitamin D fortified",366.6666666666667,5.27,30.6,0.0,18.0,1660.0,False,False,False,True,False,False,False,False,False,False,False,False,False,False,False,False,False,False
325287,"Grapefruit juice, white, canned or bottled, unsweetened",37.666666666666664,7.59,0.7,0.2,0.55,1.0,False,False,False,False,False,False,True,False,False,False,False,False,False,False,False,False,False,False
325430,"Peaches, yellow, raw",43.333333333333336,10.1,0.27,1.5,0.91,13.0,False,False,False,False,False,False,True,False,False,False,False,False,False,False,False,False,False,False
325524,"Seeds, sunflower seed kernels, dry roasted, with salt added",627.0,17.1,56.1,10.3,21.0,532.0,False,False,False,False,False,False,False,False,False,True,False,False,False,False,False,False,False,False
325658,"Sausage, Italian, pork, mild, cooked, pan-fried",322.0,2.15,26.2,0.0,18.2,766.0,False,False,False,False,False,False,False,False,False,False,False,False,False,True,False,False,False,False
325871,"Bread, white, commercially prepared",269.0,49.2,3.59,2.3,9.43,477.0,True,False,False,False,False,False,False,False,False,False,False,False,False,False,False,False,False,False
325992,"Sausage, turkey, breakfast links, mild, raw",169.0,0.93,10.4,0.0,16.7,599.0,False,False,False,False,False,False,False,False,False,False,False,False,False,True,False,False,False,False
326135,"Cheese, swiss",393.0,1.44,31.0,0.0,27.0,185.0,False,False,False,True,False,False,False,False,False,False,False,False,False,False,False,False,False,False
326196,"Kale, frozen, cooked, boiled, drained, without salt",38.666666666666664,5.3,1.21,0.0,2.94,16.0,False,False,False,False,False,False,False,False,False,False,False,False,False,False,False,False,False,True
326458,"Carrots, frozen, unprepared (Includes foods for USDA's Food Distribution Program)",37.0,7.92,0.47,3.2,0.81,66.0,False,False,False,False,False,False,False,False,False,False,False,False,False,False,False,False,False,True
326698,"Mustard, prepared, yellow",63.666666666666664,5.3,3.38,4.3,4.25,1100.0,False,False,False,False,False,False,False,False,False,False,False,False,False,False,False,True,False,False
326905,"Figs, dried, uncooked",249.0,63.9,0.92,9.8,3.3,10.0,False,False,False,False,False,False,True,False,False,False,False,False,False,False,False,False,False,False
327046,"Kiwifruit, green, raw",60.0,14.0,0.44,3.0,1.06,5.0,False,False,False,False,False,False,True,False,False,False,False,False,False,False,False,False,False,False
327198,"Melons, cantaloupe, raw",34.0,8.16,0.18,0.8,0.82,30.0,False,False,False,False,False,False,True,False,False,False,False,False,False,False,False,False,False,False
327357,"Nectarines, raw",40.333333333333336,9.18,0.28,1.5,1.06,13.0,False,False,False,False,False,False,True,False,False,False,False,False,False,False,False,False,False,False
327501,"Oranges, raw, navels (Includes foods for USDA's Food Distribution Program)",47.0,11.8,0.15,2.0,0.91,9.0,False,False,False,False,False,False,True,False,False,False,False,False,False,False,False,False,False,False
327699,"Strawberries, raw",31.0,7.63,0.22,1.8,0.64,10.0,False,False,False,False,False,False,True,False,False,False,False,False,False,False,False,False,False,False
327923,"Lettuce, cos or romaine, raw",17.0,3.24,0.26,1.8,1.24,0.0,False,False,False,False,False,False,False,False,False,False,False,False,False,False,False,False,False,True
328637,"Cheese, cheddar",408.3333333333333,2.44,34.0,0.0,23.3,654.0,False,False,False,True,False,False,False,False,False,False,False,False,False,False,False,False,False,False
328841,"Cheese, cottage, lowfat, 2% milkfat",83.33333333333333,4.31,2.3,0.0,11.0,321.0,False,False,False,True,False,False,False,False,False,False,False,False,False,False,False,False,False,False
329370,"Cheese, mozzarella, low moisture, part-skim",297.3333333333333,4.44,20.4,0.0,23.7,699.0,False,False,False,True,False,False,False,False,False,False,False,False,False,False,False,False,False,False
329490,"Egg, whole, dried",569.6666666666666,1.87,39.8,0.0,48.1,485.0,False,False,False,True,False,False,False,False,False,False,False,False,False,False,False,False,False,False
329596,"Egg, yolk, raw, frozen, pasteurized",294.6666666666667,0.59,25.1,0.0,15.6,66.0,False,False,False,True,False,False,False,False,False,False,False,False,False,False,False,False,False,False
329716,"Egg, yolk, dried",649.6666666666666,1.07,55.5,0.0,34.2,149.0,False,False,False,True,False,False,False,False,False,False,False,False,False,False,False,False,False,False
329830,"Cheese, dry white, queso seco",326.0,2.07,24.3,0.0,24.5,1810.0,False,False,False,True,False,False,False,False,False,False,False,False,False,False,False,False,False,False
330137,"Yogurt, Greek, plain, nonfat",60.333333333333336,3.64,0.37,0.0,10.3,36.0,False,False,False,True,False,False,False,False,False,False,False,False,False,False,False,False,False,False
330415,"Yogurt, Greek, strawberry, nonfat",82.66666666666667,12.2,0.15,0.6,8.06,32.0,False,False,False,True,False,False,False,False,False,False,False,False,False,False,False,False,False,False
330458,"Oil, coconut",853.6666666666666,0.84,99.1,0.0,0.0,0.0,False,False,False,False,True,False,False,False,False,False,False,False,False,False,False,False,False,False
330869,"Turkey, ground, 93% lean, 7% fat, pan-broiled crumbles",220.0,0.0,11.6,0.0,27.1,90.0,False,False,False,False,False,False,False,False,False,False,False,True,False,False,False,False,False,False
331897,"Chicken, broilers or fryers, drumstick, meat only, cooked, braised",153.66666666666666,0.0,5.95,0.0,23.9,117.0,False,False,False,False,False,False,False,False,False,False,False,True,False,False,False,False,False,False
331960,"Chicken, broiler or fryers, breast, skinless, boneless, meat only, cooked, braised",163.33333333333334,0.0,3.24,0.0,32.1,47.0,False,False,False,False,False,False,False,False,False,False,False,True,False,False,False,False,False,False
332282,"Sauce, pasta, spaghetti/marinara, ready-to-serve",47.0,8.05,1.48,1.8,1.41,419.0,False,False,False,False,False,False,False,False,False,False,False,False,False,False,True,False,False,False
332397,"Ham, sliced, pre-packaged, deli meat (96%fat free, water added)",104.33333333333333,0.27,3.73,0.0,16.7,1040.0,False,False,False,False,False,False,False,False,False,False,False,False,False,True,False,False,False,False
332597,"Pears, raw, bartlett (Includes foods for USDA's Food Distribution Program)",57.0,15.1,0.16,3.1,0.38,7.0,False,False,False,False,False,False,True,False,False,False,False,False,False,False,False,False,False,False
332791,"Olives, green, Manzanilla, stuffed with pimiento",133.66666666666666,4.96,12.9,4.0,1.15,1620.0,False,False,False,False,False,False,True,False,False,False,False,False,False,False,False,False,False,False
332864,"Sausage, pork, chorizo, link or ground, cooked, pan-fried",346.0,2.63,28.1,0.0,19.3,983.0,False,False,False,False,False,False,False,False,False,False,False,False,False,True,False,False,False,False
333008,"Cookies, oatmeal, soft, with raisins",430.0,69.6,14.3,3.3,5.79,314.0,True,False,False,False,False,False,False,False,False,False,False,False,False,False,False,False,False,False
333281,"Tomatoes, canned, red, ripe, diced",19.0,3.32,0.5,0.0,0.84,125.0,False,False,False,False,False,False,False,False,False,False,False,False,False,False,False,False,False,True
333374,"Fish, haddock, raw",72.33333333333333,0.0,0.45,0.0,16.3,213.0,False,False,False,False,False,True,False,False,False,False,False,False,False,False,False,False,False,False
333476,"Fish, pollock, raw",55.0,0.0,0.41,0.0,12.3,333.0,False,False,False,False,False,True,False,False,False,False,False,False,False,False,False,False,False,False
334194,"Fish, tuna, light, canned in water, drained solids",88.33333333333333,0.08,0.94,0.0,19.0,219.0,False,False,False,False,False,True,False,False,False,False,False,False,False,False,False,False,False,False
334247,"Sugars, granulated",385.0,99.6,0.32,0.0,0.0,1.0,False,False,False,False,False,False,False,False,False,False,False,False,False,False,False,False,True,False
334462,"Restaurant, Chinese, sweet and sour pork",260.0,25.5,13.6,1.0,8.88,304.0,False,False,False,False,False,False,False,False,False,False,False,False,True,False,False,False,False,False
334536,"Restaurant, Chinese, fried rice, without meat",174.0,32.5,3.19,0.0,3.84,361.0,False,False,False,False,False,False,False,False,False,False,False,False,True,False,False,False,False,False
334628,"Restaurant, Latino, tamale, pork",174.0,15.8,9.04,2.4,7.38,473.0,False,False,False,False,False,False,False,False,False,False,False,False,True,False,False,False,False,False
334720,"Restaurant, Latino, pupusas con frijoles (pupusas, bean)",229.0,31.5,9.01,5.8,5.59,305.0,False,False,False,False,False,False,False,False,False,False,False,False,True,False,False,False,False,False
334849,"Beef, loin, top loin steak, boneless, lip-on, separable lean only, trimmed to 1/8"" fat, choice, raw",155.0,0.0,6.39,0.0,22.8,45.0,False,True,False,False,False,False,False,False,False,False,False,False,False,False,False,False,False,False
334897,"Beef, loin, tenderloin roast, separable lean only, boneless, trimmed to 0"" fat, select, cooked, roasted",176.0,0.0,6.36,0.0,27.7,54.0,False,True,False,False,False,False,False,False,False,False,False,False,False,False,False,False,False,False
334898,"Beef, round, eye of round roast, boneless, separable lean only, trimmed to 0"" fat, select, raw",122.0,0.0,2.48,0.0,23.4,50.0,False,True,False,False,False,False,False,False,False,False,False,False,False,False,False,False,False,False
334963,"Beef, round, top round roast, boneless, separable lean only, trimmed to 0"" fat, select, raw",123.0,0.0,2.41,0.0,23.7,55.0,False,True,False,False,False,False,False,False,False,False,False,False,False,False,False,False,False,False
335061,"Beef, short loin, t-bone steak, bone-in, separable lean only, trimmed to 1/8"" fat, choice, cooked, grilled",219.0,0.0,11.4,0.0,27.3,67.0,False,True,False,False,False,False,False,False,False,False,False,False,False,False,False,False,False,False
335109,"Beef, short loin, porterhouse steak, separable lean only, trimmed to 1/8"" fat, select, raw",145.0,0.0,5.32,0.0,22.7,43.0,False,True,False,False,False,False,False,False,False,False,False,False,False,False,False,False,False,False
335240,"Bread, whole-wheat, commercially prepared",254.0,43.1,3.55,6.0,12.3,450.0,True,False,False,False,False,False,False,False,False,False,False,False,False,False,False,False,False,False
746758,"Beef, loin, tenderloin roast, separable lean only, boneless, trimmed to 0"" fat, select, cooked, roasted",173.33333333333334,0.0,6.36,0.0,27.7,54.0,False,True,False,False,False,False,False,False,False,False,False,False,False,False,False,False,False,False
746759,"Beef, loin, top loin steak, boneless, lip-on, separable lean only, trimmed to 1/8"" fat, choice, raw",153.0,0.0,6.39,0.0,22.8,45.0,False,True,False,False,False,False,False,False,False,False,False,False,False,False,False,False,False,False
746760,"Beef, round, eye of round roast, boneless, separable lean only, trimmed to 0"" fat, select, raw",120.0,0.0,2.48,0.0,23.4,50.0,False,True,False,False,False,False,False,False,False,False,False,False,False,False,False,False,False,False
746761,"Beef, round, top round roast, boneless, separable lean only, trimmed to 0"" fat, select, raw",120.66666666666667,0.0,2.41,0.0,23.7,55.0,False,True,False,False,False,False,False,False,False,False,False,False,False,False,False,False,False,False
746762,"Beef, short loin, porterhouse steak, separable lean only, trimmed to 1/8"" fat, select, raw",143.0,0.0,5.32,0.0,22.7,43.0,False,True,False,False,False,False,False,False,False,False,False,False,False,False,False,False,False,False
746763,"Beef, short loin, t-bone steak, bone-in, separable lean only, trimmed to 1/8"" fat, choice, cooked, grilled",216.66666666666666,0.0,11.4,0.0,27.3,67.0,False,True,False,False,False,False,False,False,False,False,False,False,False,False,False,False,False,False
746764,"Carrots, frozen, unprepared",37.666666666666664,7.92,0.47,3.2,0.81,66.0,False,False,False,False,False,False,False,False,False,False,False,False,False,False,False,False,False,True
746765,"Cheese, dry white, queso seco",325.6666666666667,2.07,24.3,0.0,24.5,1810.0,False,False,False,True,False,False,False,False,False,False,False,False,False,False,False,False,False,False
746766,"Cheese, ricotta, whole milk",157.33333333333334,6.86,11.0,0.0,7.81,105.0,False,False,False,True,False,False,False,False,False,False,False,False,False,False,False,False,False,False
746767,"Cheese, swiss",393.0,1.44,31.0,0.0,27.0,185.0,False,False,False,True,False,False,False,False,False,False,False,False,False,False,False,False,False,False
746768,"Figs, dried, uncooked",258.3333333333333,63.9,0.92,9.8,3.3,10.0,False,False,False,False,False,False,True,False,False,False,False,False,False,False,False,False,False,False
746769,"Lettuce, cos or romaine, raw",18.0,3.24,0.26,1.8,1.24,0.0,False,False,False,False,False,False,False,False,False,False,False,False,False,False,False,False,False,True
746770,"Melons, cantaloupe, raw",35.333333333333336,8.16,0.18,0.8,0.82,30.0,False,False,False,False,False,False,True,False,False,False,False,False,False,False,False,False,False,False
746771,"Oranges, raw, navels",48.666666666666664,11.8,0.15,2.0,0.91,9.0,False,False,False,False,False,False,True,False,False,False,False,False,False,False,False,False,False,False
746772,"Milk, lowfat, fluid, 1% milkfat, with added vitamin A and vitamin D",43.0,5.18,0.95,0.0,3.38,39.0,False,False,False,True,False,False,False,False,False,False,False,False,False,False,False,False,False,False
746773,"Pears, raw, bartlett",59.0,15.1,0.16,3.1,0.38,7.0,False,False,False,False,False,False,True,False,False,False,False,False,False,False,False,False,False,False
746774,"Restaurant, Chinese, sweet and sour pork",260.0,25.5,13.6,1.0,8.88,304.0,False,False,False,False,False,False,False,False,False,False,False,False,True,False,False,False,False,False
746775,"Salt, table, iodized",0.0,0.0,0.0,0.0,0.0,38700.0,False,False,False,False,False,False,False,False,False,False,False,False,False,False,False,True,False,False
746776,"Milk, nonfat, fluid, with added vitamin A and vitamin D (fat free or skim)",34.0,4.92,0.08,0.0,3.43,41.0,False,False,False,True,False,False,False,False,False,False,False,False,False,False,False,False,False,False
746777,"Sauce, salsa, ready-to-serve",30.666666666666668,6.74,0.19,1.8,1.44,656.0,False,False,False,False,False,False,False,False,False,False,False,False,False,False,True,False,False,False
746778,"Milk, reduced fat, fluid, 2% milkfat, with added vitamin A and vitamin D",50.0,4.9,1.9,0.0,3.36,39.0,False,False,False,True,False,False,False,False,False,False,False,False,False,False,False,False,False,False
746779,"Sausage, breakfast sausage, beef, pre-cooked, unprepared",338.3333333333333,3.37,28.7,0.0,13.3,866.0,False,False,False,False,False,False,False,False,False,False,False,False,False,True,False,False,False,False
746780,"Sausage, Italian, pork, mild, cooked, pan-fried",320.3333333333333,2.15,26.2,0.0,18.2,766.0,False,False,False,False,False,False,False,False,False,False,False,False,False,True,False,False,False,False
746781,"Sausage, pork, chorizo, link or ground, cooked, pan-fried",346.0,2.63,28.1,0.0,19.3,983.0,False,False,False,False,False,False,False,False,False,False,False,False,False,True,False,False,False,False
746782,"Milk, whole, 3.25% milkfat, with added vitamin D",60.333333333333336,4.63,3.2,0.0,3.27,38.0,False,False,False,True,False,False,False,False,False,False,False,False,False,False,False,False,False,False
746783,"Sausage, turkey, breakfast links, mild, raw",167.33333333333334,0.93,10.4,0.0,16.7,599.0,False,False,False,False,False,False,False,False,False,False,False,False,False,True,False,False,False,False
746784,"Sugars, granulated",390.3333333333333,99.6,0.32,0.0,0.0,1.0,False,False,False,False,False,False,False,False,False,False,False,False,False,False,False,False,True,False
746785,"Turkey, ground, 93% lean, 7% fat, pan-broiled crumbles",217.66666666666666,0.0,11.6,0.0,27.1,90.0,False,False,False,False,False,False,False,False,False,False,False,True,False,False,False,False,False,False
746952,"Ham, sliced, restaurant",122.66666666666667,2.36,3.68,0.0,19.6,1030.0,False,False,False,False,False,False,False,False,False,False,True,False,False,False,False,False,False,False
747429,"Cheese, American, restaurant",374.3333333333333,6.35,31.1,0.0,17.5,1600.0,False,False,False,True,False,False,False,False,False,False,False,False,False,False,False,False,False,False
747447,"Broccoli, raw",34.0,6.27,0.34,2.4,2.57,36.0,False,False,False,False,False,False,False,False,False,False,False,False,False,False,False,False,False,True
747448,"Strawberries, raw",32.333333333333336,7.63,0.22,1.8,0.64,10.0,False,False,False,False,False,False,True,False,False,False,False,False,False,False,False,False,False,False
747693,"Ketchup, restaurant",112.33333333333333,26.8,0.55,0.0,1.11,949.0,False,False,False,False,False,False,False,False,False,False,False,False,False,False,False,False,False,True
747997,"Eggs, Grade A, Large, egg white",54.0,2.36,0.0,0.0,10.7,0.0,False,False,False,True,False,False,False,False,False,False,False,False,False,False,False,False,False,False
748236,"Eggs, Grade A, Large, egg yolk",332.0,1.02,28.8,0.0,16.2,0.0,False,False,False,True,False,False,False,False,False,False,False,False,False,False,False,False,False,False
748967,"Eggs, Grade A, Large, egg whole",146.0,0.96,9.96,0.0,12.4,129.0,False,False,False,True,False,False,False,False,False,False,False,False,False,False,False,False,False,False
749420,"Pork, cured, bacon, cooked, restaurant",504.3333333333333,2.1,36.5,0.0,40.9,1830.0,False,False,False,False,False,False,False,False,False,False,True,False,False,False,False,False,False,False
789890,"Flour, wheat, all-purpose, enriched, bleached",369.0,77.3,1.48,0.0,10.9,2.0,False,False,True,False,False,False,False,False,False,False,False,False,False,False,False,False,False,False
789951,"Flour, wheat, all-purpose, enriched, unbleached",361.3333333333333,73.2,1.48,0.0,13.1,4.0,False,False,True,False,False,False,False,False,False,False,False,False,False,False,False,False,False,False
790018,"Flour, wheat, all-purpose, unenriched, unbleached",364.6666666666667,74.6,1.7,3.0,12.0,2.0,False,False,True,False,False,False,False,False,False,False,False,False,False,False,False,False,False,False
790085,"Flour, whole wheat, unenriched",362.0,71.2,2.73,10.6,15.1,3.0,False,False,True,False,False,False,False,False,False,False,False,False,False,False,False,False,False,False
790146,"Flour, bread, white, enriched, unbleached",366.0,72.8,1.65,0.0,14.3,3.0,False,False,True,False,False,False,False,False,False,False,False,False,False,False,False,False,False,False
790214,"Flour, rice, white, unenriched",362.3333333333333,79.8,1.3,0.5,6.94,5.0,False,False,True,False,False,False,False,False,False,False,False,False,False,False,False,False,False,False
790276,"Flour, corn, yellow, fine meal, enriched",366.6666666666667,80.8,1.74,4.3,6.2,0.0,False,False,True,False,False,False,False,False,False,False,False,False,False,False,False,False,False,False
790577,"Onions, red, raw",43.333333333333336,9.93,0.1,2.2,0.94,1.0,False,False,False,False,False,False,False,False,False,False,False,False,False,False,False,False,False,True
790646,"Onions, yellow, raw",37.333333333333336,8.61,0.05,1.9,0.83,1.0,False,False,False,False,False,False,False,False,False,False,False,False,False,False,False,False,False,True
790774,"Bananas, overripe, raw",85.0,20.1,0.22,1.7,0.73,0.0,False,False,False,False,False,False,True,False,False,False,False,False,False,False,False,False,False,False
790991,"Bananas, ripe and slightly ripe, raw",97.0,23.0,0.29,1.7,0.74,0.0,False,False,False,False,False,False,True,False,False,False,False,False,False,False,False,False,False,False
1104647,"Garlic, raw",138.66666666666666,28.2,0.38,2.7,6.62,0.0,False,False,False,False,False,False,False,False,False,False,False,False,False,False,False,False,False,True
1104705,"Flour, soy, defatted",357.0,32.9,3.33,0.0,51.1,2.0,False,False,False,False,False,False,False,False,True,False,False,False,False,False,False,False,False,False
1104766,"Flour, soy, full-fat",441.6666666666667,27.9,20.7,0.0,38.6,2.0,False,False,False,False,False,False,False,False,True,False,False,False,False,False,False,False,False,False
1104812,"Flour, rice, brown",366.0833333333333,75.5,3.85,0.0,7.19,1.0,False,False,True,False,False,False,False,False,False,False,False,False,False,False,False,False,False,False
1104867,"Flour, rice, glutinous",361.3333333333333,80.1,1.16,0.0,6.69,6.0,False,False,True,False,False,False,False,False,False,False,False,False,False,False,False,False,False,False
1104913,"Flour, pastry, unenriched, unbleached",361.3333333333333,77.2,1.64,0.0,8.75,1.0,False,False,True,False,False,False,False,False,False,False,False,False,False,False,False,False,False,False
1104962,"Onions, white, raw",34.666666666666664,7.68,0.13,1.2,0.89,2.0,False,False,False,False,False,False,False,False,False,False,False,False,False,False,False,False,False,True
1105073,"Bananas, overripe, raw",82.33333333333333,20.1,0.22,1.7,0.73,0.0,False,False,False,False,False,False,True,False,False,False,False,False,False,False,False,False,False,False
1105314,"Bananas, ripe and slightly ripe, raw",94.33333333333333,23.0,0.29,1.7,0.74,0.0,False,False,False,False,False,False,True,False,False,False,False,False,False,False,False,False,False,False
1105430,"Apples, red delicious, with skin, raw",60.0,14.8,0.21,2.0,0.19,0.0,False,False,False,False,False,False,True,False,False,False,False,False,False,False,False,False,False,False
1105547,"Apples, honeycrisp, with skin, raw",58.0,14.7,0.1,1.7,0.1,0.0,False,False,False,False,False,False,True,False,False,False,False,False,False,False,False,False,False,False
1105664,"Apples, granny smith, with skin, raw",57.0,14.2,0.14,2.5,0.27,0.0,False,False,False,False,False,False,True,False,False,False,False,False,False,False,False,False,False,False
1105781,"Apples, gala, with skin, raw",59.0,14.8,0.15,2.1,0.13,0.0,False,False,False,False,False,False,True,False,False,False,False,False,False,False,False,False,False,False
1105897,"Apples, fuji, with skin, raw",62.666666666666664,15.7,0.16,2.1,0.15,1.0,False,False,False,False,False,False,True,False,False,False,False,False,False,False,False,False,False,False
1750337,"Soy milk, unsweetened, plain, shelf stable",38.485,1.293125,2.125,0.0,3.546875,34.28,False,False,False,False,False,False,False,False,True,False,False,False,False,False,False,False,False,False
1750339,"Apples, red delicious, with skin, raw",58.7060225,14.7817,0.2125,2.043,0.1875,0.0,False,False,False,False,False,False,True,False,False,False,False,False,False,False,False,False,False,False
1750340,"Apples, fuji, with skin, raw",61.431979999999996,15.6511625,0.1625,2.075,0.1484375,1.013,False,False,False,False,False,False,True,False,False,False,False,False,False,False,False,False,False,False
1750341,"Apples, gala, with skin, raw",57.9102325,14.7680875,0.15,2.109,0.1328125,0.2788,False,False,False,False,False,False,True,False,False,False,False,False,False,False,False,False,False,False
1750342,"Apples, granny smith, with skin, raw",55.9149925,14.142975,0.1375,2.514,0.265625,0.0,False,False,False,False,False,False,True,False,False,False,False,False,False,False,False,False,False,False
1750343,"Apples, honeycrisp, with skin, raw",57.033612500000004,14.6819375,0.1,1.721,0.1015625,0.1375,False,False,False,False,False,False,True,False,False,False,False,False,False,False,False,False,False,False
1750344,"Mushroom, lion's mane",38.8864435,7.5897,0.2563,0.0,2.5,0.3363,False,False,False,False,False,False,False,False,False,False,False,False,False,False,False,False,False,True
1750345,"Mushroom, oyster",37.183575000000005,6.94125,0.1875,0.0,2.89875,1.128,False,False,False,False,False,False,False,False,False,False,False,False,False,False,False,False,False,True
1750346,"Mushrooms, shiitake",40.24329375,8.170625,0.195,0.0,2.414375,0.9363,False,False,False,False,False,False,False,False,False,False,False,False,False,False,False,False,False,True
1750347,"Mushrooms, white button",28.04522925,4.079375,0.3708,0.0,2.890625,6.443,False,False,False,False,False,False,False,False,False,False,False,False,False,False,False,False,False,True
1750352,"Spinach, baby",23.665255625,2.406325,0.6188,1.558,2.851875,111.4,False,False,False,False,False,False,False,False,False,False,False,False,False,False,False,False,False,True
1750353,"Spinach, mature",24.604848750000002,2.64135,0.6044,1.588,2.90625,106.6,False,False,False,False,False,False,False,False,False,False,False,False,False,False,False,False,False,True
1750354,"Tomato, roma",20.455880375,3.837475,0.425,0.9706,0.695625,0.0,False,False,False,False,False,False,False,False,False,False,False,False,False,False,False,False,False,True
1999626,"Mushroom, lion's mane",38.8864435,7.5897,0.2563,4.376,2.5,0.3363,False,False,False,False,False,False,False,False,False,False,False,False,False,False,False,False,False,True
1999627,"Mushroom, oyster",37.183575000000005,6.94125,0.1875,2.85,2.89875,1.128,False,False,False,False,False,False,False,False,False,False,False,False,False,False,False,False,False,True
1999628,"Mushrooms, shiitake",40.24329375,8.170625,0.195,4.166,2.414375,0.9363,False,False,False,False,False,False,False,False,False,False,False,False,False,False,False,False,False,True
1999629,"Mushrooms, white button",28.04522925,4.079375,0.3708,1.717,2.890625,6.443,False,False,False,False,False,False,False,False,False,False,False,False,False,False,False,False,False,True
1999630,"Soy milk, unsweetened, plain, shelf stable",38.485,1.293125,2.125,0.0,3.546875,34.28,False,False,False,False,False,False,False,False,True,False,False,False,False,False,False,False,False,False
1999632,"Spinach, baby",23.665255625,2.406325,0.6188,1.558,2.851875,111.4,False,False,False,False,False,False,False,False,False,False,False,False,False,False,False,False,False,True
1999633,"Spinach, mature",24.604848750000002,2.64135,0.6044,1.588,2.90625,106.6,False,False,False,False,False,False,False,False,False,False,False,False,False,False,False,False,False,True
1999634,"Tomato, roma",20.455880375,3.837475,0.425,0.9706,0.695625,0.0,False,False,False,False,False,False,False,False,False,False,False,False,False,False,False,False,False,True
2003586,"Flour, 00",361.337772,74.4462,1.52,2.656,11.4,0.0,False,False,True,False,False,False,False,False,False,False,False,False,False,False,False,False,False,False
2003587,"Flour, spelt, whole grain",352.13104999999996,70.723,2.543,9.339,14.475,0.0,False,False,True,False,False,False,False,False,False,False,False,False,False,False,False,False,False,False
2003588,"Flour, semolina, coarse and semi-coarse",360.81143325,73.82345,1.597,3.216,11.73125,0.0,False,False,True,False,False,False,False,False,False,False,False,False,False,False,False,False,False,False
2003589,"Flour, semolina, fine",361.88345625,71.98575,1.838,3.683,13.33125,0.4263,False,False,True,False,False,False,False,False,False,False,False,False,False,False,False,False,False,False
2003590,"Apple juice, with added vitamin C, from concentrate, shelf stable",47.804057,11.3639625,0.2863,0.0,0.0859375,4.872,False,False,False,False,False,False,True,False,False,False,False,False,False,False,False,False,False,False
2003591,"Orange juice, no pulp, not fortified, from concentrate, refrigerated",46.474000000000004,10.340625,0.325,0.0,0.734375,5.231,False,False,False,False,False,False,True,False,False,False,False,False,False,False,False,False,False,False
2003592,"Grape juice, purple, with added vitamin C, from concentrate, shelf stable",65.311926,15.6227875,0.2875,0.0,0.2578125,4.019,False,False,False,False,False,False,True,False,False,False,False,False,False,False,False,False,False,False
2003593,"Grape juice, white, with added vitamin C, from concentrate, shelf stable",65.387775,15.84375,0.265,0.0,0.09375,7.188,False,False,False,False,False,False,True,False,False,False,False,False,False,False,False,False,False,False
2003594,"Cranberry juice, not fortified, from concentrate, shelf stable",31.6956375,7.26375,0.3375,0.0,0.0,6.341,False,False,False,False,False,False,True,False,False,False,False,False,False,False,False,False,False,False
2003595,"Grapefruit juice, red, not fortified, not from concentrate, refrigerated",40.461439,9.1021875,0.2669,0.0,0.5703125,1.031,False,False,False,False,False,False,True,False,False,False,False,False,False,False,False,False,False,False
2003596,"Tomato juice, with added ingredients, from concentrate, shelf stable",21.617690625,4.320625,0.2875,0.0,0.859375,235.6,False,False,False,False,False,False,False,False,False,False,False,False,False,False,False,False,False,True
2003597,"Orange juice, no pulp, not fortified, not from concentrate, refrigerated",45.7335695,10.0124,0.3563,0.0,0.8125,0.075,False,False,False,False,False,False,True,False,False,False,False,False,False,False,False,False,False,False
2003598,"Mushroom, portabella",29.2316565,4.6583,0.3117,1.879,2.75,5.312,False,False,False,False,False,False,False,False,False,False,False,False,False,False,False,False,False,True
2003599,"Mushroom, king oyster",42.427756,8.50065,0.3075,3.009,2.40625,0.7713,False,False,False,False,False,False,False,False,False,False,False,False,False,False,False,False,False,True
2003600,"Mushroom, enoki",40.57661075,8.141425,0.245,2.945,2.416875,0.4167,False,False,False,False,False,False,False,False,False,False,False,False,False,False,False,False,False,True
2003601,"Mushroom, crimini",26.963068999999997,4.01455,0.1967,1.781,3.09375,4.572,False,False,False,False,False,False,False,False,False,False,False,False,False,False,False,False,False,True
2003602,"Mushroom, maitake",34.29423125,6.604375,0.265,3.071,2.203125,0.345,False,False,False,False,False,False,False,False,False,False,False,False,False,False,False,False,False,True
2003603,"Mushroom, beech",36.398621,6.7593,0.4494,3.139,2.18,0.8913,False,False,False,False,False,False,False,False,False,False,False,False,False,False,False,False,False,True
2003604,"Mushroom, pioppini",35.225638,5.7637,0.24,2.753,3.5,0.0,False,False,False,False,False,False,False,False,False,False,False,False,False,False,False,False,False,True
2257044,"Soy milk, sweetened, plain, refrigerated",40.705,2.996125,1.957,0.0,2.776875,39.44,False,False,False,False,False,False,False,False,True,False,False,False,False,False,False,False,False,False
2258586,"Carrots, mature, raw",46.4845945,10.26755,0.3506,3.095,0.94125,86.65,False,False,False,False,False,False,False,False,False,False,False,False,False,False,False,False,False,True
2258587,"Carrots, baby, raw",39.511641499999996,9.0787,0.1375,2.694,0.805,62.66,False,False,False,False,False,False,False,False,False,False,False,False,False,False,False,False,False,True
2258588,"Peppers, bell, green, raw",21.310623999999997,4.7781,0.1063,0.9419,0.715,0.0,False,False,False,False,False,False,False,False,False,False,False,False,False,False,False,False,False,True
2258589,"Peppers, bell, yellow, raw",28.677670125,6.601725,0.1211,1.071,0.819375,0.0,False,False,False,False,False,False,False,False,False,False,False,False,False,False,False,False,False,True
2258590,"Peppers, bell, red, raw",29.157015875,6.653175,0.1256,1.158,0.895625,0.0,False,False,False,False,False,False,False,False,False,False,False,False,False,False,False,False,False,True
2258591,"Peppers, bell, orange, raw",29.562351624999998,6.703125,0.1556,0.9674,0.881875,0.0,False,False,False,False,False,False,False,False,False,False,False,False,False,False,False,False,False,True
2259792,"Buttermilk, low fat",42.8765181,4.811522,1.081,0.0,3.464978,92.49,False,False,False,True,False,False,False,False,False,False,False,False,False,False,False,False,False,False
2259793,"Yogurt, plain, whole milk",77.6354729,5.574928,4.484,0.0,3.824172,41.78,False,False,False,True,False,False,False,False,False,False,False,False,False,False,False,False,False,False
2259794,"Yogurt, Greek, plain, whole milk",94.0923675,4.75402,4.394,0.0,8.77888,33.76,False,False,False,True,False,False,False,False,False,False,False,False,False,False,False,False,False,False
2259795,"Cheese, parmesan, grated, refrigerated",404.073709,4.33188,29.5,0.0,30.13912,1046.0,False,False,False,True,False,False,False,False,False,False,False,False,False,False,False,False,False,False
2259796,"Cheese, feta, whole milk, crumbled",273.178249,5.58318,19.08,0.0,19.70782,1034.0,False,False,False,True,False,False,False,False,False,False,False,False,False,False,False,False,False,False
2261420,"Flour, almond",599.83368,16.24925,50.23,9.266,26.24375,0.8944,False,False,False,False,False,False,False,False,False,True,False,False,False,False,False,False,False,False
2261421,"Flour, oat, whole grain",387.7771375,69.91725,6.309,10.5,13.16875,3.619,False,False,True,False,False,False,False,False,False,False,False,False,False,False,False,False,False,False
2261422,"Flour, potato",356.73134849999997,79.9422,0.9513,5.401,8.1125,47.66,False,False,False,False,False,False,False,False,False,False,False,False,False,False,False,False,False,True
2262072,"Peanut butter, creamy",610.5165030000001,22.70376,49.43,6.323,23.99124,220.7,False,False,False,False,False,False,False,False,True,False,False,False,False,False,False,False,False,False
2262073,"Sesame butter, creamy",672.755934,14.179,62.4,8.372,19.7054,63.63,False,False,False,False,False,False,False,False,False,True,False,False,False,False,False,False,False,False
2262074,"Almond butter, creamy",623.9830380000001,21.23666,53.04,9.718,20.78734,0.9963,False,False,False,False,False,False,False,False,False,True,False,False,False,False,False,False,False,False
2262075,"Flaxseed, ground",529.763715,34.3551,37.28,23.13,18.0359,36.74,False,False,False,False,False,False,False,False,False,True,False,False,False,False,False,False,False,False
2263887,"Strawberries, raw",34.532825,7.964375,0.22,0.0,0.640625,0.0,False,False,False,False,False,False,True,False,False,False,False,False,False,False,False,False,False,False
2263888,"Raspberries, raw",54.374962499999995,12.904375,0.1875,0.0,1.008125,0.0,False,False,False,False,False,False,True,False,False,False,False,False,False,False,False,False,False,False
2263889,"Blueberries, raw",60.6204605,14.571775,0.3063,0.0,0.703125,0.0,False,False,False,False,False,False,True,False,False,False,False,False,False,False,False,False,False,False
2263890,"Grapes, red, seedless, raw",81.535438,20.196825,0.1638,0.0,0.914375,6.999,False,False,False,False,False,False,True,False,False,False,False,False,False,False,False,False,False,False
2263891,"Grapes, green, seedless, raw",76.02091250000001,18.60375,0.2325,0.0,0.89875,3.171,False,False,False,False,False,False,True,False,False,False,False,False,False,False,False,False,False,False
2263892,"Applesauce, unsweetened, with added vitamin C",49.0115,12.2615625,0.1625,0.0,0.2734375,0.5038,False,False,False,False,False,False,True,False,False,False,False,False,False,False,False,False,False,False
2346384,"Cottage cheese, full fat, large or small curd",103.74768700000001,4.59964,4.225,0.0,11.62436,349.8,False,False,False,True,False,False,False,False,False,False,False,False,False,False,False,False,False,False
2346385,"Cream cheese, full fat, block",339.76302999999996,4.55615,33.49,0.0,5.78985,367.8,False,False,False,True,False,False,False,False,False,False,False,False,False,False,False,False,False,False
2346386,"Cream, heavy",339.6016613,3.799506,35.56,0.0,2.017994,20.61,False,False,False,True,False,False,False,False,False,False,False,False,False,False,False,False,False,False
2346387,"Cream, sour, full fat",194.5792858,5.555506,17.99,0.0,3.070694,50.04,False,False,False,True,False,False,False,False,False,False,False,False,False,False,False,False,False,False
2346388,"Lettuce, iceberg, raw",15.7820875,3.36875,0.07375,0.0,0.7425,16.11,False,False,False,False,False,False,False,False,False,False,False,False,False,False,False,False,False,True
2346389,"Lettuce, romaine, green, raw",19.114695124999997,4.055575,0.07125,0.0,0.976875,23.0,False,False,False,False,False,False,False,False,False,False,False,False,False,False,False,False,False,True
2346390,"Lettuce, leaf, red, raw",16.108154375,3.260575,0.1063,0.0,0.883125,24.89,False,False,False,False,False,False,False,False,False,False,False,False,False,False,False,False,False,True
2346391,"Lettuce, leaf, green, raw",20.269718249999997,4.06615,0.1563,0.0,1.09375,28.88,False,False,False,False,False,False,False,False,False,False,False,False,False,False,False,False,False,True
2346392,"Nuts, pine nuts, raw",665.80314,18.5921,61.27,3.941,15.7039,0.0,False,False,False,False,False,False,False,False,False,True,False,False,False,False,False,False,False,False
2346393,"Nuts, almonds, whole, raw",604.673511,20.03462,51.09,10.78,21.45038,0.0,False,False,False,False,False,False,False,False,False,True,False,False,False,False,False,False,False,False
2346394,"Nuts, walnuts, English, halves, raw",704.11017,10.9096,69.74,5.21,14.5644,0.0,False,False,False,False,False,False,False,False,False,True,False,False,False,False,False,False,False,False
2346395,"Nuts, pecans, halves, raw",724.87422,12.6993,73.28,5.793,9.9587,0.0,False,False,False,False,False,False,False,False,False,True,False,False,False,False,False,False,False,False
2346396,"Oats, whole grain, rolled, old fashioned",380.2460615,68.65755,5.89,0.0,13.49645,0.6675,False,False,True,False,False,False,False,False,False,False,False,False,False,False,False,False,False,False
2346397,"Oats, whole grain, steel cut",380.2280306,69.75082,5.8,0.0,12.51118,0.3113,False,False,True,False,False,False,False,False,False,False,False,False,False,False,False,False,False,False
2346398,"Pineapple, raw",57.078948,14.0914625,0.2113,0.9346,0.4609375,0.0,False,False,False,False,False,False,True,False,False,False,False,False,False,False,False,False,False,False
2346399,"Cherries, sweet, dark red, raw",66.91663750000001,16.163125,0.1925,0.0,1.039375,0.0,False,False,False,False,False,False,True,False,False,False,False,False,False,False,False,False,False,False
2346400,"Beans, snap, green, raw",36.78387325,7.41245,0.275,3.011,1.96875,0.0,False,False,False,False,False,False,False,False,False,False,False,False,False,False,False,False,False,True
2346401,"Potatoes, russet, without skin, raw",82.18618125,17.77125,0.36,0.0,2.27375,2.743,False,False,False,False,False,False,False,False,False,False,False,False,False,False,False,False,False,True
2346402,"Potatoes, red, without skin, raw",74.4654625,16.27,0.2475,0.0,2.0625,2.856,False,False,False,False,False,False,False,False,False,False,False,False,False,False,False,False,False,True
2346403,"Potatoes, gold, without skin, raw",72.524514,15.9624,0.2638,0.0,1.8125,2.238,False,False,False,False,False,False,False,False,False,False,False,False,False,False,False,False,False,True
2346404,"Sweet potatoes, orange flesh, without skin, raw",78.178136875,17.327875,0.375,0.0,1.578125,0.0,False,False,False,False,False,False,False,False,False,False,False,False,False,False,False,False,False,True
2346405,"Celery, raw",15.764729374999998,3.3165125,0.1625,0.0,0.4921875,97.21,False,False,False,False,False,False,False,False,False,False,False,False,False,False,False,False,False,True
2346406,"Cucumber, with peel, raw",14.9212125,2.9525,0.1775,0.0,0.625,1.515,False,False,False,False,False,False,False,False,False,False,False,False,False,False,False,False,False,True
2346407,"Cabbage, green, raw",29.6485,6.38375,0.2275,0.0,0.96125,16.1,False,False,False,False,False,False,False,False,False,False,False,False,False,False,False,False,False,True
2346408,"Cabbage, red, raw",31.998818,6.7899,0.2138,0.0,1.2425,11.72,False,False,False,False,False,False,False,False,False,False,False,False,False,False,False,False,False,True
2346409,"Strawberries, raw",34.532825,7.964375,0.22,0.0,0.640625,0.0,False,False,False,False,False,False,True,False,False,False,False,False,False,False,False,False,False,False
2346410,"Raspberries, raw",54.374962499999995,12.904375,0.1875,0.0,1.008125,0.0,False,False,False,False,False,False,True,False,False,False,False,False,False,False,False,False,False,False
2346411,"Blueberries, raw",60.6204605,14.571775,0.3063,0.0,0.703125,0.0,False,False,False,False,False,False,True,False,False,False,False,False,False,False,False,False,False,False
2346412,"Grapes, red, seedless, raw",81.535438,20.196825,0.1638,0.0,0.914375,6.999,False,False,False,False,False,False,True,False,False,False,False,False,False,False,False,False,False,False
2346413,"Grapes, green, seedless, raw",76.02091250000001,18.60375,0.2325,0.0,0.89875,3.171,False,False,False,False,False,False,True,False,False,False,False,False,False,False,False,False,False,False
2346414,"Applesauce, unsweetened, with added vitamin C",49.0115,12.2615625,0.1625,0.0,0.2734375,0.5038,False,False,False,False,False,False,True,False,False,False,False,False,False,False,False,False,False,False
2512371,"Flour, amaranth",381.01845000000003,68.7787,6.236,7.209,13.2093,0.0,False,False,True,False,False,False,False,False,False,False,False,False,False,False,False,False,False,False
2512372,"Flour, quinoa",381.7955075,69.52465,6.601,6.295,11.92235,6.321,False,False,True,False,False,False,False,False,False,False,False,False,False,False,False,False,False,False
2512373,"Flour, sorghum",369.39452085,77.39123,3.586,6.019,8.27277,0.0,False,False,True,False,False,False,False,False,False,False,False,False,False,False,False,False,False,False
2512374,"Flour, buckwheat",346.1348014,75.01808,2.484,10.35,8.88492,0.0,False,False,True,False,False,False,False,False,False,False,False,False,False,False,False,False,False,False
2512375,"Flour, rye",355.181019,77.1618,1.908,13.68,8.3952,0.0,False,False,True,False,False,False,False,False,False,False,False,False,False,False,False,False,False,False
2512376,"Flour, barley",361.860914,77.39832,2.45,12.79,8.72168,20.33,False,False,True,False,False,False,False,False,False,False,False,False,False,False,False,False,False,False
2512377,"Flour, cassava",357.963030375,87.312975,0.4938,4.834,0.918225,13.08,False,False,False,False,False,False,False,False,False,False,False,False,False,False,False,False,False,True
2512378,"Buckwheat, whole grain",343.8677603,71.13066,3.039,4.046,11.06534,0.0,False,False,True,False,False,False,False,False,False,False,False,False,False,False,False,False,False,False
2512379,"Millet, whole grain",378.11224875,74.44623,4.194,2.619,10.02177,0.0,False,False,True,False,False,False,False,False,False,False,False,False,False,False,False,False,False,False
2512380,"Rice, brown, long grain, unenriched, raw",366.93823725,76.68795,3.306,3.021,7.25305,0.0,False,False,True,False,False,False,False,False,False,False,False,False,False,False,False,False,False,False
2512381,"Rice, white, long grain, unenriched, raw",364.1711605,80.31315,1.033,0.1488,7.03885,0.4625,False,False,True,False,False,False,False,False,False,False,False,False,False,False,False,False,False,False
2514743,"Beef, ground, 90% lean meat / 10% fat, raw",187.4998095,0.0,12.85,0.0,18.15625,61.64,False,True,False,False,False,False,False,False,False,False,False,False,False,False,False,False,False,False
2514744,"Beef, ground, 80% lean meat / 20% fat, raw",245.2113375,0.0,19.44,0.0,17.53125,54.94,False,True,False,False,False,False,False,False,False,False,False,False,False,False,False,False,False,False
2514745,"Pork, ground, raw",230.8574295,0.0,17.49,0.0,17.80625,53.63,False,False,False,False,False,False,False,False,False,False,True,False,False,False,False,False,False,False
2514746,"Chicken, ground, with additives, raw",135.589147,0.0,7.161,0.0,17.9125,62.95,False,False,False,False,False,False,False,False,False,False,False,True,False,False,False,False,False,False
2514747,"Turkey, ground, 93% lean/ 7% fat, raw",155.10235,0.0,9.591,0.0,17.34375,80.18,False,False,False,False,False,False,False,False,False,False,False,True,False,False,False,False,False,False
2515373,"Nuts, brazilnuts, raw",642.2682629999999,21.64216,57.43,5.984,15.03684,0.0,False,False,False,False,False,False,False,False,False,True,False,False,False,False,False,False,False,False
2515374,"Nuts, cashew nuts, raw",549.070995,36.2887,38.86,4.104,17.4423,4.759,False,False,False,False,False,False,False,False,False,True,False,False,False,False,False,False,False,False
2515375,"Nuts, hazelnuts or filberts, raw",621.892335,26.5012,53.49,8.41,13.4938,0.0,False,False,False,False,False,False,False,False,False,True,False,False,False,False,False,False,False,False
2515376,"Peanuts, raw",569.476905,26.498,43.28,8.014,23.205,1.493,False,False,False,False,False,False,False,False,True,False,False,False,False,False,False,False,False,False
2515377,"Flour, chestnut",384.62643,80.45025,4.636,8.711,5.28675,0.0,False,False,False,False,False,False,False,False,False,True,False,False,False,False,False,False,False,False
2515378,"Nuts, macadamia nuts, raw",690.21714,24.0943,64.93,7.563,7.7857,0.0,False,False,False,False,False,False,False,False,False,True,False,False,False,False,False,False,False,False
2515379,"Nuts, pistachio nuts, raw",579.3339900000001,27.6943,45.02,6.969,20.5057,0.0,False,False,False,False,False,False,False,False,False,True,False,False,False,False,False,False,False,False
2515380,"Seeds, pumpkin seeds (pepitas), raw",534.720585,18.6751,40.03,5.079,29.9079,0.0,False,False,False,False,False,False,False,False,False,True,False,False,False,False,False,False,False,False
2515381,"Seeds, sunflower seed, kernel, raw",590.0535,24.5007,48.44,7.215,18.8733,0.0,False,False,False,False,False,False,False,False,False,True,False,False,False,False,False,False,False,False
2515382,"Flour, coconut",430.655685,58.9025,15.28,34.24,16.1385,46.94,False,False,False,False,False,False,False,False,False,True,False,False,False,False,False,False,False,False
2644281,"Beans, cannellini, dry",340.909095,59.7955,2.199,0.0,21.5625,0.0,False,False,False,False,False,False,False,False,True,False,False,False,False,False,False,False,False,False
2644282,"Chickpeas, (garbanzo beans, bengal gram), dry",377.496345,60.358,6.274,0.0,21.275,8.779,False,False,False,False,False,False,False,False,True,False,False,False,False,False,False,False,False,False
2644283,"Lentils, dry",355.6089,62.17125,1.925,0.0,23.56875,0.0,False,False,False,False,False,False,False,False,True,False,False,False,False,False,False,False,False,False
2644284,"Blackeye pea, dry",349.79265,61.836,2.419,0.0,21.225,3.458,False,False,False,False,False,False,False,False,True,False,False,False,False,False,False,False,False,False
2644285,"Beans, black, canned, sodium added, drained and rinsed",116.821665,19.8135,1.273,0.0,6.9125,217.9,False,False,False,False,False,False,False,False,True,False,False,False,False,False,False,False,False,False
2644286,"Beans, navy, canned, sodium added, drained and rinsed",117.308325,19.98325,1.398,0.0,6.56875,190.1,False,False,False,False,False,False,False,False,True,False,False,False,False,False,False,False,False,False
2644287,"Beans, cannellini, canned, sodium added, drained and rinsed",113.77109999999999,18.8185,1.169,0.0,7.4125,164.0,False,False,False,False,False,False,False,False,True,False,False,False,False,False,False,False,False,False
2644288,"Chickpeas (garbanzo beans, bengal gram), canned, sodium added, drained and rinsed",135.096,20.32025,3.096,0.0,7.01875,201.7,False,False,False,False,False,False,False,False,True,False,False,False,False,False,False,False,False,False
2644289,"Beans, kidney, dark red, canned, sodium added, sugar added, drained and rinsed",124.89741000000001,21.03,1.256,0.0,7.8,172.3,False,False,False,False,False,False,False,False,True,False,False,False,False,False,False,False,False,False
2644290,"Beans, kidney, light red, canned, sodium added, sugar added, drained and rinsed",125.108295,21.44675,1.299,0.0,7.30625,158.5,False,False,False,False,False,False,False,False,True,False,False,False,False,False,False,False,False,False
2644291,"Peas, green, sweet, canned, sodium added, sugar added, drained and rinsed",78.97196249999999,12.707625,1.153,0.0,4.734375,207.4,False,False,False,False,False,False,False,False,False,False,False,False,False,False,False,False,False,True
2644292,"Beans, pinto, canned, sodium added, drained and rinsed",115.08337499999999,19.60025,1.266,0.0,6.69375,201.6,False,False,False,False,False,False,False,False,True,False,False,False,False,False,False,False,False,False
2644293,"Blackeye pea, canned, sodium added, drained and rinsed",114.4550415,19.1659,1.296,0.0,6.925,226.7,False,False,False,False,False,False,False,False,True,False,False,False,False,False,False,False,False,False
2644294,"Beans, great northern, canned, sodium added, drained and rinsed",115.248435,19.32875,1.266,0.0,7.03125,223.1,False,False,False,False,False,False,False,False,True,False,False,False,False,False,False,False,False,False
2646168,"Pork, loin, boneless, raw",170.746035,0.0,9.469,0.0,21.11875,40.2,False,False,False,False,False,False,False,False,False,False,True,False,False,False,False,False,False,False
2646169,"Pork, loin, tenderloin, boneless, raw",122.030085,0.0,3.899,0.0,21.58125,41.39,False,False,False,False,False,False,False,False,False,False,True,False,False,False,False,False,False,False
2646170,"Chicken, breast, boneless, skinless, raw",109.118135,0.0,1.934,0.0,22.525,65.75,False,False,False,False,False,False,False,False,False,False,False,True,False,False,False,False,False,False
2646171,"Chicken, thigh, boneless, skinless, raw",146.6882375,0.0,7.916,0.0,18.6125,62.33,False,False,False,False,False,False,False,False,False,False,False,True,False,False,False,False,False,False
2646172,"Beef, ribeye, steak, boneless, choice, raw",256.8607125,0.0,20.04,0.0,18.74375,42.54,False,True,False,False,False,False,False,False,False,False,False,False,False,False,False,False,False,False
2646173,"Beef, round, top round, boneless, choice, raw",143.535775,0.852,5.703,0.0,21.475,45.54,False,True,False,False,False,False,False,False,False,False,False,False,False,False,False,False,False,False
2646174,"Beef, chuck, roast, boneless, choice, raw",234.400847,0.0,17.8,0.0,18.4,48.44,False,True,False,False,False,False,False,False,False,False,False,False,False,False,False,False,False,False
2646175,"Beef, flank, steak, boneless, choice, raw",166.731272,0.0,9.399,0.0,20.13125,51.3,False,True,False,False,False,False,False,False,False,False,False,False,False,False,False,False,False,False
2647437,"Yogurt, plain, nonfat",50.037935000000004,8.07675,0.0875,0.0,4.22675,51.48,False,False,False,True,False,False,False,False,False,False,False,False,False,False,False,False,False,False
2647438,"Cheese, monterey jack, solid",391.233795,1.8979,32.63,0.0,22.6171,662.2,False,False,False,True,False,False,False,False,False,False,False,False,False,False,False,False,False,False
2647439,"Cheese, pasteurized process cheese food or product, American, singles",308.831935,8.1898,23.86,0.0,15.5672,1420.0,False,False,False,True,False,False,False,False,False,False,False,False,False,False,False,False,False,False
2647440,"Cheese, provolone, sliced",356.847036,2.45312,28.13,0.0,23.45288,600.9,False,False,False,True,False,False,False,False,False,False,False,False,False,False,False,False,False,False
2647441,"Cheese, oaxaca, solid",297.60094100000003,2.40202,22.1,0.0,22.14498,734.2,False,False,False,True,False,False,False,False,False,False,False,False,False,False,False,False,False,False
2647442,"Cheese, queso fresco, solid",297.51243,2.9572,23.36,0.0,18.8848,626.5,False,False,False,True,False,False,False,False,False,False,False,False,False,False,False,False,False,False
2647443,"Cheese, cotija, solid",351.580536,2.72432,27.24,0.0,23.83568,1625.0,False,False,False,True,False,False,False,False,False,False,False,False,False,False,False,False,False,False
2684440,"Fish, salmon, sockeye, wild caught, raw",133.10300999999998,0.0,4.936,0.0,22.3,53.3,False,False,False,False,False,True,False,False,False,False,False,False,False,False,False,False,False,False
2684441,"Fish, salmon, Atlantic, farm raised, raw",200.20016,0.0,13.11,0.0,20.31875,49.49,False,False,False,False,False,True,False,False,False,False,False,False,False,False,False,False,False,False
2684442,"Fish, tilapia, farm raised, raw",97.308135,0.0,2.479,0.0,19.0,93.66,False,False,False,False,False,True,False,False,False,False,False,False,False,False,False,False,False,False
2684443,"Crustaceans, shrimp, farm raised, raw",73.5629665,0.48495,0.8013,0.0,15.56875,474.9,False,False,False,False,False,True,False,False,False,False,False,False,False,False,False,False,False,False
2684444,"Fish, cod, Atlantic, wild caught, raw",68.23128249999999,0.0,0.6675,0.0,16.06875,298.8,False,False,False,False,False,True,False,False,False,False,False,False,False,False,False,False,False,False
2684445,"Fish, catfish, farm raised, raw",131.4499485,0.0,7.308,0.0,16.46875,60.51,False,False,False,False,False,True,False,False,False,False,False,False,False,False,False,False,False,False
2684446,"Crustaceans, crab, blue swimming, lump, pasteurized, refrigerated",83.5073075,0.0,0.8075,0.0,18.65,331.3,False,False,False,False,False,True,False,False,False,False,False,False,False,False,False,False,False,False
2685568,"Squash, summer, green, zucchini, includes skin, raw",17.5,3.27,0.205,0.7525,0.984375,0.0,False,False,False,False,False,False,False,False,False,False,False,False,False,False,False,False,False,True
2685569,"Squash, summer, yellow, includes skin, raw",20.5,4.39,0.135,0.9563,0.890625,0.0,False,False,False,False,False,False,False,False,False,False,False,False,False,False,False,False,False,True
2685570,"Squash, winter, butternut, raw",44.92441075,10.50745,0.1675,1.959,1.14875,0.0,False,False,False,False,False,False,False,False,False,False,False,False,False,False,False,False,False,True
2685571,"Squash, winter, acorn, raw",45.2768125,10.48,0.1825,2.635,1.25,0.0,False,False,False,False,False,False,False,False,False,False,False,False,False,False,False,False,False,True
2685572,"Cabbage, bok choy, raw",18.63111375,3.51495,0.2338,1.259,1.02375,14.27,False,False,False,False,False,False,False,False,False,False,False,False,False,False,False,False,False,True
2685573,"Cauliflower, raw",25.222338875,4.723075,0.2375,1.948,1.640625,20.0,False,False,False,False,False,False,False,False,False,False,False,False,False,False,False,False,False,True
2685574,"Collards, raw",42.82604125,7.02225,0.77,3.816,2.96875,18.41,False,False,False,False,False,False,False,False,False,False,False,False,False,False,False,False,False,True
2685575,"Brussels sprouts, raw",54.131853125,9.615625,0.565,4.785,3.984375,25.74,False,False,False,False,False,False,False,False,False,False,False,False,False,False,False,False,False,True
2685576,"Beets, raw",42.7928775,8.787,0.3025,3.119,1.6875,111.6,False,False,False,False,False,False,False,False,False,False,False,False,False,False,False,False,False,True
2685577,"Eggplant, raw",24.221682625,5.399325,0.12,2.448,0.851875,0.4425,False,False,False,False,False,False,False,False,False,False,False,False,False,False,False,False,False,True
2685578,"Tomatoes, whole, canned, solids and liquids, with salt added",20.8128745,4.2874,0.2063,0.8725,0.8675,111.5,False,False,False,False,False,False,False,False,False,False,False,False,False,False,False,False,False,True
2685579,"Tomato, sauce, canned, with salt added",31.640250625,6.331625,0.3825,1.636,1.351875,416.9,False,False,False,False,False,False,False,False,False,False,False,False,False,False,False,False,False,True
2685580,"Tomato, paste, canned, without salt added",96.40850312500001,20.188125,0.7325,4.704,4.234375,61.15,False,False,False,False,False,False,False,False,False,False,False,False,False,False,False,False,False,True
2685581,"Tomatoes, crushed, canned",35.0945825,7.137,0.3975,1.944,1.4375,139.8,False,False,False,False,False,False,False,False,False,False,False,False,False,False,False,False,False,True
2685582,"Tomato, puree, canned",37.802659375000005,8.036875,0.265,1.971,1.578125,29.36,False,False,False,False,False,False,False,False,False,False,False,False,False,False,False,False,False,True
2710815,"Apricot, with skin, raw",45.962075,10.23875,0.405,1.51,0.96125,0.0,False,False,False,False,False,False,True,False,False,False,False,False,False,False,False,False,False,False
2710816,"Melons, honeydew, raw",34.8033755,8.14995,0.2163,0.0,0.53125,21.15,False,False,False,False,False,False,True,False,False,False,False,False,False,False,False,False,False,False
2710817,"Plantains, ripe, raw",129.6314805,30.95215,0.8933,2.125,1.15625,0.0,False,False,False,False,False,False,True,False,False,False,False,False,False,False,False,False,False,False
2710818,"Plantains, underripe, raw",144.969916125,33.587325,0.685,2.53,1.229375,0.0,False,False,False,False,False,False,True,False,False,False,False,False,False,False,False,False,False,False
2710819,"Chia seeds, dry, raw",503.62476000000004,38.273,32.89,0.0,17.013,0.0,False,False,True,False,False,False,False,False,False,False,False,False,False,False,False,False,False,False
2710820,"Bulgur, dry, raw",360.82136125,75.88175,2.421,11.72,11.75625,2.18,False,False,True,False,False,False,False,False,False,False,False,False,False,False,False,False,False,False
2710821,"Wild rice, dry, raw",363.858315,75.6695,1.704,4.26,12.7875,1.014,False,False,True,False,False,False,False,False,False,False,False,False,False,False,False,False,False,False
2710822,"Arugula, baby, raw",28.45042625,5.36825,0.325,2.28,1.64875,86.93,False,False,False,False,False,False,False,False,False,False,False,False,False,False,False,False,False,True
2710823,"Asparagus, green, raw",25.8153575,5.1012,0.2163,1.883,1.4375,2.46,False,False,False,False,False,False,False,False,False,False,False,False,False,False,False,False,False,True
2710824,"Avocado, Hass, peeled, raw",214.69164999999998,8.3235,20.31,0.0,1.8125,0.0,False,False,False,False,False,False,True,False,False,False,False,False,False,False,False,False,False,False
2710825,"Rice, black, unenriched, raw",365.25435500000003,77.18825,3.438,4.179,7.56875,0.0,False,False,True,False,False,False,False,False,False,False,False,False,False,False,False,False,False,False
2710826,"Corn, sweet, yellow and white kernels,  fresh, raw",78.703828125,14.689625,1.626,2.428,2.789375,0.0,False,False,False,False,False,False,False,False,False,False,False,False,False,False,False,False,False,True
2710827,"Einkorn, grain, dry, raw",357.53159195,68.65381,3.811,8.913,15.11719,0.0,False,False,True,False,False,False,False,False,False,False,False,False,False,False,False,False,False,False
2710828,"Farro, pearled, dry, raw",355.5079982,72.13156,3.103,7.31,12.63944,0.845,False,False,True,False,False,False,False,False,False,False,False,False,False,False,False,False,False,False
2710829,"Fonio, grain, dry, raw",373.01205125,81.30525,1.693,2.197,7.16875,2.967,False,False,True,False,False,False,False,False,False,False,False,False,False,False,False,False,False,False
2710830,"Khorasan, grain, dry, raw",359.59570565,71.79427,2.8,10.52,14.75573,3.936,False,False,True,False,False,False,False,False,False,False,False,False,False,False,False,False,False,False
2710831,"Kiwifruit (kiwi), green, peeled, raw",61.776985,13.818075,0.64,2.129,1.008125,2.275,False,False,False,False,False,False,True,False,False,False,False,False,False,False,False,False,False,False
2710832,"Mandarin, seedless, peeled, raw",58.801222499999994,13.421825,0.4575,1.328,1.039375,0.0,False,False,False,False,False,False,True,False,False,False,False,False,False,False,False,False,False,False
2710833,"Mango, Tommy Atkins, peeled, raw",65.0491625,15.265,0.5725,1.753,0.5625,0.0,False,False,False,False,False,False,True,False,False,False,False,False,False,False,False,False,False,False
2710834,"Mango, Ataulfo, peeled, raw",74.5526505,17.3962,0.6813,1.289,0.6875,0.0,False,False,False,False,False,False,True,False,False,False,False,False,False,False,False,False,False,False
2710835,"Corn flour, masa harina, white or yellow, dry, raw",371.04905499999995,76.6895,4.34,7.038,7.5625,2.733,False,False,True,False,False,False,False,False,False,False,False,False,False,False,False,False,False,False
2710836,"Pear, Anjou, green, with skin, raw",60.4908605,14.7674,0.3713,2.636,0.3125,0.3975,False,False,False,False,False,False,True,False,False,False,False,False,False,False,False,False,False,False
2710837,"Plum, black, with skin, raw",55.7121975,13.455575,0.2825,1.346,0.578125,0.0,False,False,False,False,False,False,True,False,False,False,False,False,False,False,False,False,False,False
2710838,"Rice, red, unenriched, dry, raw",364.913975,76.1545,3.44,4.198,8.5625,0.4375,False,False,True,False,False,False,False,False,False,False,False,False,False,False,False,False,False,False
2710839,"Sorghum bran, white, unenriched, dry, raw",383.645125,68.69525,9.259,34.95,11.16875,2.915,False,False,True,False,False,False,False,False,False,False,False,False,False,False,False,False,False,False
2710840,"Sorghum flour, white, pearled, unenriched, dry, raw",356.7880075,73.5065,3.238,3.299,10.2125,0.0,False,False,True,False,False,False,False,False,False,False,False,False,False,False,False,False,False,False
2710841,"Sorghum grain, white, pearled, unenriched, dry, raw",354.131355,74.872,3.265,3.916,10.25,0.0,False,False,True,False,False,False,False,False,False,False,False,False,False,False,False,False,False,False
2710842,"Sorghum, whole grain, white, dry, raw",356.79008999999996,73.57375,4.219,8.274,10.08125,0.3288,False,False,True,False,False,False,False,False,False,False,False,False,False,False,False,False,False,False
2710843,"Plantains, overripe, raw",123.819665,29.191425,0.99,1.792,1.166875,0.0,False,False,False,False,False,False,True,False,False,False,False,False,False,False,False,False,False,False
2727566,"Chicken, drumstick, meat and skin, raw",127.553172,-0.47505,5.94,0.0,18.35625,90.98,False,False,False,False,False,False,False,False,False,False,False,True,False,False,False,False,False,False
2727567,"Chicken, thigh, meat and skin, raw",190.3388595,-0.17255,13.35,0.0,17.10625,63.55,False,False,False,False,False,False,False,False,False,False,False,True,False,False,False,False,False,False
2727568,"Chicken, wing, meat and skin, raw",170.1710625,-0.45875,10.64,0.0,18.40625,84.14,False,False,False,False,False,False,False,False,False,False,False,True,False,False,False,False,False,False
2727569,"Chicken, breast, meat and skin, raw",129.87045,-0.42825,4.777,0.0,21.40625,48.07,False,False,False,False,False,False,False,False,False,False,False,True,False,False,False,False,False,False
2727570,"Lamb, ground, raw",239.1669395,-0.2508,18.64,0.0,17.4625,53.45,False,False,False,False,False,False,False,True,False,False,False,False,False,False,False,False,False,False
2727571,"Bison, ground, raw",161.6292895,-0.14955,8.88,0.0,19.88125,55.7,False,False,False,False,False,False,False,True,False,False,False,False,False,False,False,False,False,False
2727572,"Beef, short loin (NY strip steak), raw",193.024697,0.2212,11.54,0.0,21.325,43.09,False,True,False,False,False,False,False,False,False,False,False,False,False,False,False,False,False,False
2727573,"Beef, tenderloin steak, raw",146.1005,0.18025,6.456,0.0,21.09375,44.85,False,True,False,False,False,False,False,False,False,False,False,False,False,False,False,False,False,False
2727574,"Beef, top sirloin steak, raw",143.153535,0.218,5.708,0.0,21.975,42.85,False,True,False,False,False,False,False,False,False,False,False,False,False,False,False,False,False,False
2727575,"Pork, chop, center cut, raw",141.446,-0.5625,5.475,0.0,22.8125,39.3,False,False,False,False,False,False,False,False,False,False,True,False,False,False,False,False,False,False
2727576,"Pork, belly, with skin, raw",382.906125,-0.705,35.83,0.0,15.2,49.7,False,False,False,False,False,False,False,False,False,False,True,False,False,False,False,False,False,False
2747652,"Anchovies, canned in olive oil, with salt, drained",206.065,2.4095,9.853,0.0,26.9375,5403.0,False,False,False,False,False,True,False,False,False,False,False,False,False,False,False,False,False,False
2747653,"Beet greens, raw",26.367,4.658825,0.1438,2.578,1.609375,280.5,False,False,False,False,False,False,False,False,False,False,False,False,False,False,False,False,False,True
2747654,"Cod, Pacific or Alaskan, frozen, wild caught",60.84,0.524,0.216,0.0,14.2,353.9,False,False,False,False,False,True,False,False,False,False,False,False,False,False,False,False,False,False
2747655,"Fennel, bulb, raw",26.8924,5.486225,0.14,2.046,0.921875,49.03,False,False,False,False,False,False,False,False,False,False,False,False,False,False,False,False,False,True
2747656,"Halibut, frozen, wild caught",81.3345,-0.0602,0.5917,0.0,19.0625,108.3,False,False,False,False,False,True,False,False,False,False,False,False,False,False,False,False,False,False
2747657,"Lobster, tail only, frozen, wild caught",58.8175,0.88555,0.3667,0.0,12.99375,508.8,False,False,False,False,False,True,False,False,False,False,False,False,False,False,False,False,False,False
2747658,"Mahi mahi, frozen, wild caught",83.7115,0.28655,0.3767,0.0,19.79375,51.93,False,False,False,False,False,True,False,False,False,False,False,False,False,False,False,False,False,False
2747659,"Parsnips, raw",87.0745,19.292275,0.5381,5.351,1.265625,0.4913,False,False,False,False,False,False,False,False,False,False,False,False,False,False,False,False,False,True
2747660,"Peppers, banana or Hungarian wax, seeded, raw",23.9398,4.966175,0.1314,1.79,0.723125,0.0,False,False,False,False,False,False,False,False,False,False,False,False,False,False,False,False,False,True
2747661,"Peppers, jalapeno, seeded, raw",24.1264,5.075675,0.1488,1.725,0.621125,0.0,False,False,False,False,False,False,False,False,False,False,False,False,False,False,False,False,False,True
2747662,"Peppers, poblano, seeded, raw",27.9906,5.143175,0.1906,2.07,1.425625,0.0,False,False,False,False,False,False,False,False,False,False,False,False,False,False,False,False,False,True
2747663,"Peppers, serrano, seeded, raw",29.233,6.136275,0.1406,2.521,0.855625,0.0,False,False,False,False,False,False,False,False,False,False,False,False,False,False,False,False,False,True
2747664,"Radicchio, raw",26.3679,4.96125,0.1431,2.114,1.30875,8.076,False,False,False,False,False,False,False,False,False,False,False,False,False,False,False,False,False,True
2747665,"Radishes, red, raw",19.60045,4.05682,0.08313,1.314,0.65625,51.16,False,False,False,False,False,False,False,False,False,False,False,False,False,False,False,False,False,True
2747666,"Scallops, bay, Patagonian, frozen, wild caught",78.456,2.2833,0.4192,0.0,16.3875,252.4,False,False,False,False,False,True,False,False,False,False,False,False,False,False,False,False,False,False
2747667,"Scallops, sea, frozen, wild caught",66.3545,1.9662,0.4933,0.0,13.5125,313.0,False,False,False,False,False,True,False,False,False,False,False,False,False,False,False,False,False,False
2747668,"Sea bass, Chilean, frozen, wild caught",209.3868,0.1392,16.57,0.0,14.925,109.4,False,False,False,False,False,True,False,False,False,False,False,False,False,False,False,False,False,False
2747669,"Snapper, frozen, wild caught",89.538,0.4413,0.5692,0.0,20.6625,93.06,False,False,False,False,False,True,False,False,False,False,False,False,False,False,False,False,False,False
2747670,"Snow crab, legs only, frozen  ",69.223,1.1063,0.2942,0.0,15.5375,728.5,False,False,False,False,False,True,False,False,False,False,False,False,False,False,False,False,False,False
2747671,"Squid (calamari), frozen, tubes only",43.9108,0.93215,0.5508,0.0,8.80625,271.9,False,False,False,False,False,True,False,False,False,False,False,False,False,False,False,False,False,False
2747672,"Swordfish, frozen, wild caught",151.855,0.4495,8.123,0.0,19.2375,56.87,False,False,False,False,False,True,False,False,False,False,False,False,False,False,False,False,False,False
2747673,"Tuna, ahi or yellowfin, frozen, wild caught",101.8695,-0.1045,0.3875,0.0,24.7,94.37,False,False,False,False,False,True,False,False,False,False,False,False,False,False,False,False,False,False
2747674,"Turnips, raw",33.9816,7.274975,0.1188,1.915,0.953125,12.8,False,False,False,False,False,False,False,False,False,False,False,False,False,False,False,False,False,True
2747676,"Watermelon, seedless, rind only, raw",23.8993,3.27075,0.9657,1.535,0.53125,3.763,False,False,False,False,False,False,True,False,False,False,False,False,False,False,False,False,False,False
